linhas;atraso;procs;rep;tempo_ms
2000;0.3;1;1;48.04
2000;0.3;1;2;65.85
2000;0.3;1;3;65.48
2000;0.3;2;1;348.96
2000;0.3;2;2;349.02
2000;0.3;2;3;359.70
2000;0.3;4;1;1067.34
2000;0.3;4;2;1070.58
2000;0.3;4;3;1016.75
2000;0.3;8;1;2537.38
2000;0.3;8;2;2439.72
2000;0.3;8;3;2533.42
2000;0;1;1;73.81
2000;0;1;2;40.21
2000;0;1;3;93.58
2000;0;2;1;46.86
2000;0;2;2;47.48
2000;0;2;3;47.36
2000;0;4;1;121.57
2000;0;4;2;118.01
2000;0;4;3;148.76
2000;0;8;1;361.36
2000;0;8;2;405.50
2000;0;8;3;400.89
4000;0.3;1;1;168.39
4000;0.3;1;2;172.57
4000;0.3;1;3;146.06
4000;0.3;2;1;498.32
4000;0.3;2;2;486.25
4000;0.3;2;3;478.52
4000;0.3;4;1;1261.31
4000;0.3;4;2;1230.77
4000;0.3;4;3;1280.93
4000;0.3;8;1;2771.03
4000;0.3;8;2;2864.71
4000;0.3;8;3;3037.29
4000;0;1;1;153.02
4000;0;1;2;158.01
4000;0;1;3;170.80
4000;0;2;1;336.94
4000;0;2;2;260.74
4000;0;2;3;202.69
4000;0;4;1;346.89
4000;0;4;2;406.57
4000;0;4;3;350.26
4000;0;8;1;757.72
4000;0;8;2;887.23
4000;0;8;3;804.46
500;0;1;1;3.17
500;0;1;2;2.95
500;0;1;3;2.96
500;0;2;1;3.55
500;0;2;2;19.81
500;0;2;3;3.84
500;0;4;1;71.99
500;0;4;2;244.48
500;0;4;3;45.39
500;0;8;1;139.80
500;0;8;2;295.53
500;0;8;3;250.15
